<?xml version="1.0" encoding="UTF-8" ?>
<XMLDB PATH="mod/kalmediares/db" VERSION="2019022000" COMMENT="XMLDB file for Moodle mod/kalmediares"
    xmlns:xsi="http://www.w3.org/2001/XMLSchema-instance"
    xsi:noNamespaceSchemaLocation="../../../lib/xmldb/xmldb.xsd"
>
  <TABLES>
    <TABLE NAME="kalmediares" COMMENT="Kaltura media resource module instances are stored here">
      <FIELDS>
        <FIELD NAME="id" TYPE="int" LENGTH="10" NOTNULL="true" UNSIGNED="true" SEQUENCE="true" NEXT="course"/>
        <FIELD NAME="course" TYPE="int" LENGTH="10" NOTNULL="true" UNSIGNED="true" DEFAULT="0" SEQUENCE="false" PREVIOUS="id" NEXT="name"/>
        <FIELD NAME="name" TYPE="char" LENGTH="255" NOTNULL="true" SEQUENCE="false" PREVIOUS="course" NEXT="intro"/>
        <FIELD NAME="intro" TYPE="text" LENGTH="small" NOTNULL="false" SEQUENCE="false" PREVIOUS="name" NEXT="introformat"/>
        <FIELD NAME="introformat" TYPE="int" LENGTH="4" NOTNULL="true" UNSIGNED="true" DEFAULT="0" SEQUENCE="false" PREVIOUS="intro" NEXT="entry_id"/>
        <FIELD NAME="entry_id" TYPE="char" LENGTH="50" NOTNULL="true" SEQUENCE="false" COMMENT="Kaltura media entry ids" PREVIOUS="introformat" NEXT="media_title"/>
        <FIELD NAME="media_title" TYPE="char" LENGTH="100" NOTNULL="true" SEQUENCE="false" COMMENT="Media title" PREVIOUS="entry_id" NEXT="uiconf_id"/>
        <FIELD NAME="uiconf_id" TYPE="int" LENGTH="10" NOTNULL="true" UNSIGNED="true" DEFAULT="0" SEQUENCE="false" COMMENT="The player to be used for playback" PREVIOUS="media_title" NEXT="widescreen"/>
        <FIELD NAME="widescreen" TYPE="int" LENGTH="1" NOTNULL="true" UNSIGNED="true" DEFAULT="0" SEQUENCE="false" COMMENT="Video playback dimensions widescreen or normal" PREVIOUS="uiconf_id" NEXT="height"/>
        <FIELD NAME="height" TYPE="int" LENGTH="10" NOTNULL="true" UNSIGNED="true" DEFAULT="0" SEQUENCE="false" COMMENT="Video height" PREVIOUS="widescreen" NEXT="width"/>
        <FIELD NAME="width" TYPE="int" LENGTH="10" NOTNULL="true" UNSIGNED="true" DEFAULT="0" SEQUENCE="false" COMMENT="Video playback width" PREVIOUS="height" NEXT="internal"/>
        <FIELD NAME="internal" TYPE="int" LENGTH="1" NOTNULL="true" DEFAULT="0" SEQUENCE="false" PREVIOUS="width" NEXT="view_access_log" />
        <FIELD NAME="publish_access_log" TYPE="int" LENGTH="1" NOTNULL="true" DEFAULT="0" SEQUENCE="false" PREVIOUS="internal" NEXT="exclusion_time" />
        <FIELD NAME="exclusion_time" TYPE="int" LENGTH="1" NOTNULL="true" DEFAULT="0" SEQUENCE="false" PREVIOUS="plublish_access_log" NEXT="timemodified" />
        <FIELD NAME="timemodified" TYPE="int" LENGTH="10" NOTNULL="true" UNSIGNED="true" DEFAULT="0" SEQUENCE="false" COMMENT="Time modified" PREVIOUS="view_access_log" NEXT="timecreated"/>
        <FIELD NAME="timecreated" TYPE="int" LENGTH="10" NOTNULL="true" UNSIGNED="true" DEFAULT="0" SEQUENCE="false" COMMENT="Time created" PREVIOUS="timemodified"/>
      </FIELDS>
      <KEYS>
        <KEY NAME="primary" TYPE="primary" FIELDS="id"/>
      </KEYS>
    </TABLE>
  </TABLES>
</XMLDB>
